id,지역,건물번호,건물이름,위치,장비명,상태,모델명,제조사,허가번호,관리번호 (KGS),냉동능력 (법정),냉동능력 (US),사용냉매,냉매충전량,압축기제조사,압축기형식,압축기수량,압축기용량,냉각탑제조사,냉각탑형식,냉각탑수량,냉각탑용량,응축기형식,증발기형식,설계압력,과압차단압력,정격전압,정격전류,안전밸브,기타사항,냉각수유무,냉각수입구min,냉각수입구max,냉각수출구min,냉각수출구max,브라인유무,브라인입구min,브라인입구max,브라인출구min,브라인출구max,전압유무,전압min,전압max,RunningCurrentThreshold,AlarmStatus,CommunicationStatus,IsRunning
1,A 지구,A-4,차량장비동,1F,BSR #1,,,,,00072686-089,,,,,,,2,,,,,,,,,,,,,,1,0,0,0,0,0,0,0,0,0,0,0,0,,,,
2,A 지구,A-4,차량장비동,1F,BSR #3,,,,,00072686-221,,,,,,,2,,,,,,,,,,,,,,1,0,0,0,0,0,0,0,0,0,0,0,0,,,,
3,A 지구,A-6,차량시험동,B1F,저온챔버 #1,,,,,00072686-081,,,,,,,1,,,,,,,,,,,,,,0,0,0,0,0,0,0,0,0,0,0,0,0,,,,
4,A 지구,A-6,차량시험동,B1F,저온챔버 #2,,,,,00072686-081,,,,,,,1,,,,,,,,,,,,,,0,0,0,0,0,0,0,0,0,0,0,0,0,,,,
5,A 지구,A-6,차량시험동,2F (옥외),수밀챔버 #1,,,,,00072686-036,,,,,,,1,,,,,,,,,,,,,,0,0,0,0,0,0,0,0,0,0,0,0,0,,,,
6,A 지구,A-6,차량시험동,2F (옥외),수밀챔버 #2,,,,,00072686-036,,,,,,,1,,,,,,,,,,,,,,0,0,0,0,0,0,0,0,0,0,0,0,0,,,,
7,A 지구,A-6,차량시험동,2F,시트컴포트(저온)&HOT챔버,,,,,00072686-122,,,,,,,2,,,,,,,,,,,,,,1,0,0,0,0,0,0,0,0,0,0,0,0,,,,
8,A 지구,A-6,차량시험동,1F,BSR #2,,,,,00072686-121,,,,,,,2,,,,,,,,,,,,,,1,0,0,0,0,0,0,0,0,0,0,0,0,,,,
9,A 지구,A1-1,PDI 1동,1F,실차환경챔버 #1,,,,,,,,,,,,2,,,,,,,,,,,,,,0,0,0,0,0,0,0,0,0,0,0,0,0,,,,
10,A 지구,A1-1,PDI 1동,1F,실차환경챔버 #2,,,,,00072686-156,,,,,,,2,,,,,,,,,,,,,,1,0,0,0,0,0,0,0,0,0,0,0,0,,,,
11,A 지구,A1-5,PT 배기환경시험동,2F,인증환경챔버 #1,,,,,00072686-124,,,,,,,1,,,,,,,,,,,,,,0,0,0,0,0,0,0,0,0,0,0,0,0,,,,
12,A 지구,A1-5,PT 배기환경시험동,2F,인증환경챔버 #2,,,,,00072686-124,,,,,,,1,,,,,,,,,,,,,,0,0,0,0,0,0,0,0,0,0,0,0,0,,,,
13,A 지구,A1-5,PT 배기환경시험동,2F,인증환경챔버 #3,,,,,00072686-124,,,,,,,1,,,,,,,,,,,,,,0,0,0,0,0,0,0,0,0,0,0,0,0,,,,
14,A 지구,A1-5,PT 배기환경시험동,2F,인증환경챔버 #4,,,,,00072686-124,,,,,,,1,,,,,,,,,,,,,,0,0,0,0,0,0,0,0,0,0,0,0,0,,,,
15,A 지구,A1-5,PT 배기환경시험동,2F,인증환경챔버 #5,,,,,00072686-124,,,,,,,1,,,,,,,,,,,,,,0,0,0,0,0,0,0,0,0,0,0,0,0,,,,
16,A 지구,A1-17,PT 환경선행연구동,B1F,냉각칠러 #1,,,,,00072686-171,,,,,,,2,,,,,,,,,,,,,,1,0,0,0,0,1,0,0,0,0,0,0,0,,,,
17,A 지구,A1-17,PT 환경선행연구동,B1F,냉각칠러 #2,,,,,00072686-172,,,,,,,2,,,,,,,,,,,,,,1,0,0,0,0,1,0,0,0,0,0,0,0,,,,
18,A 지구,A1-17,PT 환경선행연구동,2F,고지챔버 #1,,,,,00072686-115,,,,,,,2,,,,,,,,,,,,,,1,0,0,0,0,0,0,0,0,0,0,0,0,,,,
19,A 지구,A1-17,PT 환경선행연구동,2F,고지챔버 #2,,,,,00072686-116,,,,,,,2,,,,,,,,,,,,,,1,0,0,0,0,0,0,0,0,0,0,0,0,,,,
20,B 지구,B1-1,제동시험동,옥상,고저온 소음 #3,,,,,00072686-179,,,,,,,2,,,,,,,,,,,,,,0,0,0,0,0,0,0,0,0,0,0,0,0,,,,
21,B 지구,B1-1,제동시험동,옥상,고저온 소음 #4,,,,,00072686-180,,,,,,,2,,,,,,,,,,,,,,0,0,0,0,0,0,0,0,0,0,0,0,0,,,,
22,B 지구,B1-1,제동시험동,2F,고저온 #1~2 냉동기  #1,,,,,00072686-176,,,,,,,1,,,,,,,,,,,,,,0,0,0,0,0,0,0,0,0,0,0,0,0,,,,
23,B 지구,B1-1,제동시험동,2F,고저온 #1~2 냉동기  #2,,,,,00072686-176,,,,,,,1,,,,,,,,,,,,,,0,0,0,0,0,0,0,0,0,0,0,0,0,,,,
24,B 지구,B1-1,제동시험동,2F,고저온 #1~2 냉동기  #3,,,,,00072686-176,,,,,,,1,,,,,,,,,,,,,,0,0,0,0,0,0,0,0,0,0,0,0,0,,,,
25,B 지구,B1-1,제동시험동,2F,고저온 #5~6 냉동기  #1,,,,,00072686-120,,,,,,,1,,,,,,,,,,,,,,0,0,0,0,0,0,0,0,0,0,0,0,0,,,,
26,B 지구,B1-1,제동시험동,2F,고저온 #5~6 냉동기  #2,,,,,00072686-120,,,,,,,1,,,,,,,,,,,,,,0,0,0,0,0,0,0,0,0,0,0,0,0,,,,
27,B 지구,B1-1,제동시험동,2F,고저온 #5~6 냉동기  #3,,,,,00072686-120,,,,,,,1,,,,,,,,,,,,,,0,0,0,0,0,0,0,0,0,0,0,0,0,,,,
28,B 지구,B1-2,환경차개발시험1동,옥상,배기시험 #1,,,,,00072686-098,,,,,,,1,,,,,,,,,,,,,,0,0,0,0,0,0,0,0,0,0,0,0,0,,,,
29,B 지구,B1-2,환경차개발시험1동,옥상,배기시험 #2,,,,,00072686-101,,,,,,,1,,,,,,,,,,,,,,0,0,0,0,0,0,0,0,0,0,0,0,0,,,,
30,B 지구,B1-2,환경차개발시험1동,옥상,사무공조 #1,,,,,00072686-099,,,,,,,2,,,,,,,,,,,,,,0,0,0,0,0,0,0,0,0,0,0,0,0,,,,
31,B 지구,B1-2,환경차개발시험1동,옥상,사무공조 #2,,,,,00072686-100,,,,,,,2,,,,,,,,,,,,,,0,0,0,0,0,0,0,0,0,0,0,0,0,,,,
32,B 지구,B1-6,환경차개발시험2동,옥상,배터리개발실 #1,,,,,00072686-159,,,,,,,3,,,,,,,,,,,,,,0,0,0,0,0,1,0,0,0,0,0,0,0,,,,
33,B 지구,B1-6,환경차개발시험2동,옥상,배터리개발실 #2,,,,,00072686-160,,,,,,,3,,,,,,,,,,,,,,0,0,0,0,0,1,0,0,0,0,0,0,0,,,,
34,B 지구,B1-6,환경차개발시험2동,1F,"고저온챔버, 쇼크챔버",,,,,00072686-096,,,,,,,2,,,,,,,,,,,,,,1,0,0,0,0,1,0,0,0,0,0,0,0,,,,
35,B 지구,B1-6,환경차개발시험2동,옥상,배터리 #1,,,,,00072686-191,,,,,,,6,,,,,,,,,,,,,,0,0,0,0,0,1,0,0,0,0,0,0,0,,,,
36,B 지구,B1-6,환경차개발시험2동,옥상,배터리 #2,,,,,00072686-192,,,,,,,6,,,,,,,,,,,,,,0,0,0,0,0,1,0,0,0,0,0,0,0,,,,
37,B 지구,B1-6,환경차개발시험2동,옥상,배터리 #3,,,,,00072686-193,,,,,,,6,,,,,,,,,,,,,,0,0,0,0,0,1,0,0,0,0,0,0,0,,,,
38,B 지구,B1-6,환경차개발시험2동,옥상,배터리 #4,,,,,00072686-194,,,,,,,6,,,,,,,,,,,,,,0,0,0,0,0,1,0,0,0,0,0,0,0,,,,
39,B 지구,B1-6,환경차개발시험2동,옥상,배터리 #5,,,,,00072686-195,,,,,,,6,,,,,,,,,,,,,,0,0,0,0,0,1,0,0,0,0,0,0,0,,,,
40,B 지구,B1-6,환경차개발시험2동,옥상,배터리 #6,,,,,00072686-196,,,,,,,6,,,,,,,,,,,,,,0,0,0,0,0,1,0,0,0,0,0,0,0,,,,
41,B 지구,B1-6,환경차개발시험2동,옥상,배터리 #7,,,,,00072686-197,,,,,,,6,,,,,,,,,,,,,,0,0,0,0,0,1,0,0,0,0,0,0,0,,,,
42,B 지구,B1-7,환경시험1동,2F,저온풍동 #1,,,,,00072686-145,,,,,,,1,,,,,,,,,,,,,,0,0,0,0,0,1,0,0,0,0,0,0,0,,,,
43,B 지구,B1-7,환경시험1동,2F,저온풍동 #2,,,,,00072686-145,,,,,,,1,,,,,,,,,,,,,,0,0,0,0,0,1,0,0,0,0,0,0,0,,,,
44,B 지구,B1-7,환경시험1동,2F,저온풍동 #3,,,,,00072686-145,,,,,,,1,,,,,,,,,,,,,,0,0,0,0,0,1,0,0,0,0,0,0,0,,,,
45,B 지구,B1-7,환경시험1동,2F,저온풍동 #4,,,,,00072686-145,,,,,,,1,,,,,,,,,,,,,,0,0,0,0,0,1,0,0,0,0,0,0,0,,,,
46,B 지구,B1-7,환경시험1동,2F,MAU/공조기,,,,,00072686-146,,,,,,,3,,,,,,,,,,,,,,1,0,0,0,0,1,0,0,0,0,0,0,0,,,,
47,B 지구,B1-7,환경시험1동,2F,소크룸 #1,,,,,00072686-144,,,,,,,1,,,,,,,,,,,,,,0,0,0,0,0,0,0,0,0,0,0,0,0,,,,
48,B 지구,B1-7,강설시험동,1F,강설강우풍동 #1,,,,,00072686-051,,,,,,,1,,,,,,,,,,,,,,0,0,0,0,0,1,0,0,0,0,0,0,0,,,,
49,B 지구,B1-7,강설시험동,1F,강설강우풍동 #2,,,,,00072686-051,,,,,,,1,,,,,,,,,,,,,,0,0,0,0,0,1,0,0,0,0,0,0,0,,,,
50,B 지구,B1-7,강설시험동,2F,MAU/공조기,,,,,00072686-054,,,,,,,1,,,,,,,,,,,,,,0,0,0,0,0,1,0,0,0,0,0,0,0,,,,
51,B 지구,B1-7,강설시험동,2F,소크룸#2,,,,,00072686-055,,,,,,,1,,,,,,,,,,,,,,0,0,0,0,0,0,0,0,0,0,0,0,0,,,,
52,B 지구,B1-8,무향1동,옥상,디젤1실,,,,,00072686-022,,,,,,,1,,,,,,,,,,,,,,0,0,0,0,0,0,0,0,0,0,0,0,0,,,,
53,B 지구,B1-10,배기1동,2F 기계실,소크룸 #1,,,,,00072686-260,,,,,,,1,,,,,,,,,,,,,,1,0,0,0,0,0,0,0,0,0,0,0,0,,,,
54,B 지구,B1-10,배기1동,2F 기계실,소크룸 #2,,,,,00072686-260,,,,,,,1,,,,,,,,,,,,,,1,0,0,0,0,0,0,0,0,0,0,0,0,,,,
55,B 지구,B1-10,배기1동,2F 기계실,환경챔버 #1,,,,,00072686-259,,,,,,,1,,,,,,,,,,,,,,1,0,0,0,0,0,0,0,0,0,0,0,0,,,,
56,B 지구,B1-10,배기1동,2F 기계실,환경챔버 #2,,,,,00072686-259,,,,,,,1,,,,,,,,,,,,,,1,0,0,0,0,0,0,0,0,0,0,0,0,,,,
57,B 지구,B1-12,배기2동,2F,환경챔버 #1,,,,,00072686-039,,,,,,,1,,,,,,,,,,,,,,0,0,0,0,0,0,0,0,0,0,0,0,0,,,,
58,B 지구,B1-12,배기2동,2F,환경챔버 #2,,,,,00072686-040,,,,,,,1,,,,,,,,,,,,,,0,0,0,0,0,0,0,0,0,0,0,0,0,,,,
59,B 지구,B1-12,배기2동,2F,소크챔버,,,,,00072686-041,,,,,,,1,,,,,,,,,,,,,,0,0,0,0,0,0,0,0,0,0,0,0,0,,,,
60,B 지구,B1-14,전기차환경시험동,3F 기계실,환경챔버 #1,,,,,00072686-266,,,,,,,2,,,,,,,,,,,,,,1,0,0,0,0,0,0,0,0,0,0,0,0,,,,
61,B 지구,B1-14,전기차환경시험동,3F 기계실,환경챔버 #2,,,,,00072686-266,,,,,,,2,,,,,,,,,,,,,,1,0,0,0,0,0,0,0,0,0,0,0,0,,,,
62,B 지구,B1-14,전기차환경시험동,3F 기계실,환경챔버 #3,,,,,00072686-266,,,,,,,2,,,,,,,,,,,,,,1,0,0,0,0,0,0,0,0,0,0,0,0,,,,
63,C 지구,C1-2,PDI 2동,1F,도장 AHU,,,,,00072686-074,,,,,,,1,,,,,,,,,,,,,,1,0,0,0,0,1,0,0,0,0,0,0,0,,,,
64,C 지구,C1-2,PDI 2동,2F,CAB냉동기,,,,,00072686-073,,,,,,,1,,,,,,,,,,,,,,1,0,0,0,0,1,0,0,0,0,0,0,0,,,,
65,C 지구,C1-2,PDI 2동,1F,전착냉동기 #1,,,,,00072686-261,,,,,,,1,,,,,,,,,,,,,,1,0,0,0,0,1,0,0,0,0,0,0,0,,,,
66,C 지구,C1-2,PDI 2동,1F,전착냉동기 #2,,,,,00072686-187,,,,,,,1,,,,,,,,,,,,,,1,0,0,0,0,1,0,0,0,0,0,0,0,,,,
67,C 지구,C1-4,배기3동,옥상,시험실 #1,,,,,00072686-066,,,,,,,1,,,,,,,,,,,,,,0,0,0,0,0,0,0,0,0,0,0,0,0,,,,
68,C 지구,C1-4,배기3동,옥상,시험실 #2,,,,,00072686-067,,,,,,,1,,,,,,,,,,,,,,0,0,0,0,0,0,0,0,0,0,0,0,0,,,,
69,C 지구,C1-4,배기3동,옥상,시험실 #3,,,,,00072686-068,,,,,,,1,,,,,,,,,,,,,,0,0,0,0,0,0,0,0,0,0,0,0,0,,,,
70,C 지구,C1-4,배기3동,옥상,시험실 #4,,,,,00072686-069,,,,,,,1,,,,,,,,,,,,,,0,0,0,0,0,0,0,0,0,0,0,0,0,,,,
71,C 지구,C1-4,배기3동,옥상,시험실 #5,,,,,00072686-070,,,,,,,1,,,,,,,,,,,,,,0,0,0,0,0,0,0,0,0,0,0,0,0,,,,
72,C 지구,C1-4,배기3동,옥상,시험실 #6,,,,,00072686-071,,,,,,,1,,,,,,,,,,,,,,0,0,0,0,0,0,0,0,0,0,0,0,0,,,,
73,C 지구,C1-4,배기3동,옥상,시험실 #7,,,,,00072686-072,,,,,,,1,,,,,,,,,,,,,,0,0,0,0,0,0,0,0,0,0,0,0,0,,,,
74,C 지구,C1-4,배기3동,옥상,시험실 #8,,,,,00072686-153,,,,,,,1,,,,,,,,,,,,,,0,0,0,0,0,0,0,0,0,0,0,0,0,,,,
75,C 지구,C1-4,배기3동,옥상,시험실 #9,,,,,00072686-154,,,,,,,1,,,,,,,,,,,,,,0,0,0,0,0,0,0,0,0,0,0,0,0,,,,
76,C 지구,C1-4,배기3동,옥상,시험실 #10,,,,,00072686-155,,,,,,,1,,,,,,,,,,,,,,0,0,0,0,0,0,0,0,0,0,0,0,0,,,,
77,C 지구,C1-6,자동내구2동,2F,환경챔버 MACD #1,,,,,00072686-151,,,,,,,1,,,,,,,,,,,,,,0,0,0,0,0,0,0,0,0,0,0,0,0,,,,
78,C 지구,C1-6,자동내구2동,2F,환경챔버 MACD #2,,,,,00072686-151,,,,,,,1,,,,,,,,,,,,,,0,0,0,0,0,0,0,0,0,0,0,0,0,,,,
79,C 지구,C1-6,자동내구2동,2F,환경챔버 MACD #3,,,,,00072686-151,,,,,,,1,,,,,,,,,,,,,,0,0,0,0,0,0,0,0,0,0,0,0,0,,,,
80,C 지구,C1-6,자동내구2동,2F,환경챔버 MACD #4,,,,,00072686-151,,,,,,,1,,,,,,,,,,,,,,0,0,0,0,0,0,0,0,0,0,0,0,0,,,,
81,C 지구,C1-6,자동내구2동,2F,환경챔버 MACD #5,,,,,00072686-152,,,,,,,4,,,,,,,,,,,,,,0,0,0,0,0,1,0,0,0,0,0,0,0,,,,
82,C 지구,C1-8,제어연비동,옥상,셀공조기 #1,,,,,00072686-162,,,,,,,1,,,,,,,,,,,,,,0,0,0,0,0,0,0,0,0,0,0,0,0,,,,
83,C 지구,C1-8,제어연비동,옥상,셀공조기 #2,,,,,00072686-163,,,,,,,1,,,,,,,,,,,,,,0,0,0,0,0,0,0,0,0,0,0,0,0,,,,
84,C 지구,C1-8,제어연비동,옥상,셀공조기 #3,,,,,00072686-164,,,,,,,1,,,,,,,,,,,,,,0,0,0,0,0,0,0,0,0,0,0,0,0,,,,
85,C 지구,C1-8,제어연비동,옥상,셀공조기 #4,,,,,00072686-165,,,,,,,1,,,,,,,,,,,,,,0,0,0,0,0,0,0,0,0,0,0,0,0,,,,
86,C 지구,C1-8,제어연비동,옥상,셀공조기 #5,,,,,00072686-166,,,,,,,1,,,,,,,,,,,,,,0,0,0,0,0,0,0,0,0,0,0,0,0,,,,
87,C 지구,C1-8,제어연비동,옥상,셀공조기 #6,,,,,00072686-167,,,,,,,1,,,,,,,,,,,,,,0,0,0,0,0,0,0,0,0,0,0,0,0,,,,
88,C 지구,C1-8,제어연비동,옥상,셀공조기 #7,,,,,00072686-168,,,,,,,1,,,,,,,,,,,,,,0,0,0,0,0,0,0,0,0,0,0,0,0,,,,
89,C 지구,C1-8,제어연비동,옥상,셀공조기 #8,,,,,00072686-169,,,,,,,1,,,,,,,,,,,,,,0,0,0,0,0,0,0,0,0,0,0,0,0,,,,
90,C 지구,C1-8,제어연비동,2F,"고저온챔버, 소크룸",,,,,00072686-092,,,,,,,1,,,,,,,,,,,,,,1,0,0,0,0,0,0,0,0,0,0,0,0,,,,
91,C 지구,C2-1,환경차개발시험3동,2F,"환경챔버 #1, 소크룸 #1",,,,,00072686-173,,,,,,,1,,,,,,,,,,,,,,0,0,0,0,0,0,0,0,0,0,0,0,0,,,,
92,C 지구,C2-1,환경차개발시험3동,2F,"환경챔버 #1, 소크룸 #2",,,,,00072686-173,,,,,,,1,,,,,,,,,,,,,,0,0,0,0,0,0,0,0,0,0,0,0,0,,,,
93,C 지구,C2-1,환경차개발시험3동,2F,"환경챔버 #2, 소크룸 #1",,,,,00072686-182,,,,,,,1,,,,,,,,,,,,,,0,0,0,0,0,0,0,0,0,0,0,0,0,,,,
94,C 지구,C2-1,환경차개발시험3동,2F,"환경챔버 #2, 소크룸 #2",,,,,00072686-182,,,,,,,1,,,,,,,,,,,,,,0,0,0,0,0,0,0,0,0,0,0,0,0,,,,
95,C 지구,C2-7,무향3동,2F 가변외기온시험실,무향실,,,,,00072686-113,,,,,,,5,,,,,,,,,,,,,,1,0,0,0,0,0,0,0,0,0,0,0,0,,,,
96,C 지구,C2-9,NVH시험3동,3F,고저온챔버,,,,,00072686-112,,,,,,,1,,,,,,,,,,,,,,0,0,0,0,0,0,0,0,0,0,0,0,0,,,,
97,C 지구,C2-11,부식내구1동,1F,항온항습챔버#3 저온챔버 #1,,,,,00072686-110,,,,,,,1,,,,,,,,,,,,,,0,0,0,0,0,0,0,0,0,0,0,0,0,,,,
98,C 지구,C2-11,부식내구1동,1F,항온항습챔버#3 저온챔버 #2,,,,,00072686-110,,,,,,,1,,,,,,,,,,,,,,0,0,0,0,0,0,0,0,0,0,0,0,0,,,,
99,C 지구,C2-11,부식내구1동,1F,항온항습챔버#3 저온챔버 #3,,,,,00072686-110,,,,,,,1,,,,,,,,,,,,,,0,0,0,0,0,0,0,0,0,0,0,0,0,,,,
100,C 지구,C2-11,부식내구1동,1F (외부),태양광챔버 #1,,,,,00072686-111,,,,,,,2,,,,,,,,,,,,,,1,0,0,0,0,1,0,0,0,0,0,0,0,,,,
101,C 지구,C2-11,부식내구1동,1F (외부),태양광챔버 #2,,,,,00072686-111,,,,,,,2,,,,,,,,,,,,,,1,0,0,0,0,1,0,0,0,0,0,0,0,,,,
102,C 지구,C3-1,차량내구동,2F,저온챔버 #1,,,,,00072686-091,,,,,,,1,,,,,,,,,,,,,,1,0,0,0,0,0,0,0,0,0,0,0,0,,,,
103,C 지구,C3-1,차량내구동,2F,저온챔버 #2,,,,,00072686-091,,,,,,,1,,,,,,,,,,,,,,1,0,0,0,0,0,0,0,0,0,0,0,0,,,,
104,C 지구,C3-4,재료개발동,1F,실차복합IR챔버,,,,,00072686-109,,,,,,,2,,,,,,,,,,,,,,1,0,0,0,0,0,0,0,0,0,0,0,0,,,,
105,C 지구,C3-6,전자연구2동,1F,실차환경챔버#3,,,,,00072686-097,,,,,,,2,,,,,,,,,,,,,,1,0,0,0,0,0,0,0,0,0,0,0,0,,,,
106,C 지구,C3-7,시스템내구동,3F,실차환경챔버 #1,,,,,00072686-147,,,,,,,2,,,,,,,,,,,,,,1,0,0,0,0,0,0,0,0,0,0,0,0,,,,
107,C 지구,C3-7,시스템내구동,3F,실차환경챔버 #2,,,,,00072686-227,,,,,,,1,,,,,,,,,,,,,,1,0,0,0,0,1,0,0,0,0,0,0,0,,,,
108,C 지구,C3-7,시스템내구동,3F,강설챔버,,,,,00072686-272,,,,,,,2,,,,,,,,,,,,,,1,0,0,0,0,0,0,0,0,0,0,0,0,,,,
109,C 지구,C3-13,상용엔진시험동,1F (외부),환경챔버 #1,,,,,00072686-174,,,,,,,1,,,,,,,,,,,,,,0,0,0,0,0,0,0,0,0,0,0,0,0,,,,
110,C 지구,C3-13,상용엔진시험동,1F (외부),환경챔버 #2,,,,,00072686-174,,,,,,,1,,,,,,,,,,,,,,0,0,0,0,0,0,0,0,0,0,0,0,0,,,,
111,C 지구,-,수소충전소,1F,냉동기 #1,,,,,,,,,,,,1,,,,,,,,,,,,,,0,0,0,0,0,0,0,0,0,0,0,0,0,,,,
112,C 지구,-,수소충전소,1F,냉동기 #2,,,,,,,,,,,,1,,,,,,,,,,,,,,0,0,0,0,0,0,0,0,0,0,0,0,0,,,,
113,C 지구,-,수소충전소,1F,냉동기 #3,,,,,,,,,,,,1,,,,,,,,,,,,,,0,0,0,0,0,0,0,0,0,0,0,0,0,,,,
114,C 지구,-,수소충전소,1F,냉동기 #4,,,,,,,,,,,,1,,,,,,,,,,,,,,0,0,0,0,0,0,0,0,0,0,0,0,0,,,,
115,C 지구,-,수소충전소,1F,냉동기 #5,,,,,,,,,,,,1,,,,,,,,,,,,,,0,0,0,0,0,0,0,0,0,0,0,0,0,,,,
116,C 지구,-,수소충전소,1F,냉동기 #6,,,,,,,,,,,,1,,,,,,,,,,,,,,0,0,0,0,0,0,0,0,0,0,0,0,0,,,,
117,C 지구,-,수소충전소,1F,냉동기 #7,,,,,,,,,,,,1,,,,,,,,,,,,,,0,0,0,0,0,0,0,0,0,0,0,0,0,,,,
118,C 지구,-,수소충전소,1F,냉동기 #8,,,,,,,,,,,,1,,,,,,,,,,,,,,0,0,0,0,0,0,0,0,0,0,0,0,0,,,,
119,C 지구,C4-1,인증시험동,2F,복합챔버 #1,,,,,00072686-149,,,,,,,1,,,,,,,,,,,,,,0,0,0,0,0,0,0,0,0,0,0,0,0,,,,
120,C 지구,C4-1,인증시험동,2F,복합챔버 #2,,,,,00072686-149,,,,,,,1,,,,,,,,,,,,,,0,0,0,0,0,0,0,0,0,0,0,0,0,,,,
121,C 지구,C4-1,인증시험동,2F,저온챔버 #1 냉동기 #1,,,,,00072686-149,,,,,,,1,,,,,,,,,,,,,,0,0,0,0,0,0,0,0,0,0,0,0,0,,,,
122,C 지구,C4-1,인증시험동,2F,저온챔버 #1 냉동기 #2,,,,,00072686-149,,,,,,,1,,,,,,,,,,,,,,0,0,0,0,0,0,0,0,0,0,0,0,0,,,,
123,C 지구,C4-1,인증시험동,2F,소크룸 #1,,,,,00072686-149,,,,,,,1,,,,,,,,,,,,,,0,0,0,0,0,0,0,0,0,0,0,0,0,,,,
124,C 지구,C4-1,인증시험동,2F,소크룸 #2,,,,,00072686-149,,,,,,,1,,,,,,,,,,,,,,0,0,0,0,0,0,0,0,0,0,0,0,0,,,,
125,C 지구,C4-1,인증시험동,2F,저온챔버 #2 냉동기 #1,,,,,00072686-214,,,,,,,1,,,,,,,,,,,,,,0,0,0,0,0,0,0,0,0,0,0,0,0,,,,
126,C 지구,C4-1,인증시험동,2F,저온챔버 #2 냉동기 #2,,,,,00072686-214,,,,,,,1,,,,,,,,,,,,,,0,0,0,0,0,0,0,0,0,0,0,0,0,,,,
127,C 지구,C4-3,인증시험3동,2F,"저온챔버 #1, 소크룸 #1",,,,,00072686-273,,,,,,,2,,,,,,,,,,,,,,1,0,0,0,0,0,0,0,0,0,0,0,0,,,,
128,C 지구,C4-3,인증시험3동,2F,"저온챔버 #2, 소크룸 #2",,,,,00072686-273,,,,,,,2,,,,,,,,,,,,,,1,0,0,0,0,0,0,0,0,0,0,0,0,,,,
129,C 지구,C4-4,환경시험2동,1F,저온풍동 #1 #2,,,,,00072686-118,,,,,,,2,,,,,,,,,,,,,,0,0,0,0,0,1,0,0,0,0,0,0,0,,,,
130,C 지구,C4-4,환경시험2동,1F,저온풍동 #3 #4,,,,,00072686-118,,,,,,,2,,,,,,,,,,,,,,0,0,0,0,0,1,0,0,0,0,0,0,0,,,,
131,C 지구,C4-4,환경시험2동,1F,고온풍동 #1,,,,,00072686-119,,,,,,,1,,,,,,,,,,,,,,0,0,0,0,0,1,0,0,0,0,0,0,0,,,,
132,C 지구,C4-4,환경시험2동,3F,고온/저온 소크룸 #1,,,,,00072686-117,,,,,,,1,,,,,,,,,,,,,,0,0,0,0,0,0,0,0,0,0,0,0,0,,,,
133,C 지구,C4-4,환경시험2동,3F,고온/저온 소크룸 #2,,,,,00072686-117,,,,,,,1,,,,,,,,,,,,,,0,0,0,0,0,0,0,0,0,0,0,0,0,,,,
134,C 지구,C4-4,환경시험2동,3F,무향챔버 #1,,,,,00072686-126,,,,,,,1,,,,,,,,,,,,,,0,0,0,0,0,0,0,0,0,0,0,0,0,,,,
135,C 지구,C4-4,환경시험2동,3F,무향챔버 #2,,,,,00072686-126,,,,,,,1,,,,,,,,,,,,,,0,0,0,0,0,0,0,0,0,0,0,0,0,,,,
136,C 지구,C4-4,환경시험2동,2F,제습용 냉동기,,,,,00072686-274,,,,,,,2,,,,,,,,,,,,,,0,0,0,0,0,1,0,0,0,0,0,0,0,,,,
137,C 지구,C4-6,고지환경시험동,3F,실차고지챔버 #1,,,,,00072686-130,,,,,,,1,,,,,,,,,,,,,,0,0,0,0,0,0,0,0,0,0,0,0,0,,,,
138,C 지구,C4-6,고지환경시험동,3F,실차고지챔버 #2,,,,,00072686-130,,,,,,,1,,,,,,,,,,,,,,0,0,0,0,0,0,0,0,0,0,0,0,0,,,,
139,C 지구,C4-8,인증시험2동,2F,복합챔버 #1,,,,,00072686-232,,,,,,,2,,,,,,,,,,,,,,1,0,0,0,0,0,0,0,0,0,0,0,0,,,,
140,C 지구,C4-8,인증시험2동,2F,복합챔버 #2,,,,,00072686-232,,,,,,,2,,,,,,,,,,,,,,1,0,0,0,0,0,0,0,0,0,0,0,0,,,,
141,C 지구,C4-8,인증시험2동,2F,복합챔버 #3,,,,,00072686-232,,,,,,,2,,,,,,,,,,,,,,1,0,0,0,0,0,0,0,0,0,0,0,0,,,,
142,C 지구,C4-8,인증시험2동,2F,소크룸,,,,,00072686-232,,,,,,,2,,,,,,,,,,,,,,1,0,0,0,0,0,0,0,0,0,0,0,0,,,,
143,C 지구,C5-2,상용환경시험동,3F,환경풍동 냉동기 #1,,,,,00072686-206,,,,,,,1,,,,,,,,,,,,,,1,0,0,0,0,1,0,0,0,0,0,0,0,,,,
144,C 지구,C5-2,상용환경시험동,3F,환경풍동 냉동기 #2,,,,,00072686-206,,,,,,,1,,,,,,,,,,,,,,1,0,0,0,0,1,0,0,0,0,0,0,0,,,,
145,C 지구,C5-2,상용환경시험동,3F,환경풍동 제습기,,,,,00072686-207,,,,,,,3,,,,,,,,,,,,,,1,0,0,0,0,1,0,0,0,0,0,0,0,,,,
146,C 지구,C5-3,종합내구시험동,4F,환경챔버#1 냉동기 #1,,,,,00072686-129,,,,,,,1,,,,,,,,,,,,,,0,0,0,0,0,0,0,0,0,0,0,0,0,,,,
147,C 지구,C5-3,종합내구시험동,4F,환경챔버#1 냉동기 #2,,,,,00072686-129,,,,,,,1,,,,,,,,,,,,,,0,0,0,0,0,0,0,0,0,0,0,0,0,,,,
148,C 지구,C5-3,종합내구시험동,4F,환경챔버#2 냉동기 #1,,,,,00072686-129,,,,,,,1,,,,,,,,,,,,,,0,0,0,0,0,0,0,0,0,0,0,0,0,,,,
149,C 지구,C5-3,종합내구시험동,4F,환경챔버#2 냉동기 #2,,,,,00072686-129,,,,,,,1,,,,,,,,,,,,,,0,0,0,0,0,0,0,0,0,0,0,0,0,,,,
150,C 지구,C5-3,종합내구시험동,4F,환경챔버#3 냉동기 #1,,,,,00072686-129,,,,,,,1,,,,,,,,,,,,,,0,0,0,0,0,0,0,0,0,0,0,0,0,,,,
151,C 지구,C5-3,종합내구시험동,4F,환경챔버#3 냉동기 #2,,,,,00072686-129,,,,,,,1,,,,,,,,,,,,,,0,0,0,0,0,0,0,0,0,0,0,0,0,,,,
152,C 지구,C5-10,상용설계동,2F,제동소음시험실 #1,,,,,00072686-142,,,,,,,1,,,,,,,,,,,,,,0,0,0,0,0,0,0,0,0,0,0,0,0,,,,
153,C 지구,C5-10,상용설계동,2F,제동소음시험실 #2,,,,,00072686-142,,,,,,,1,,,,,,,,,,,,,,0,0,0,0,0,0,0,0,0,0,0,0,0,,,,
154,C 지구,C5-10,상용설계동,1F,기후재현시험실,,,,,00072686-143,,,,,,,2,,,,,,,,,,,,,,1,0,0,0,0,0,0,0,0,0,0,0,0,,,,
155,C 지구,C5-10,상용설계동,B1F,환경진동시험실,,,,,00072686-148,,,,,,,3,,,,,,,,,,,,,,1,0,0,0,0,0,0,0,0,0,0,0,0,,,,
156,C 지구,C5-14,상용장비동,1F,샤시 동력계 환경챔버,,,,,00072686-090,,,,,,,2,,,,,,,,,,,,,,0,0,0,0,0,1,0,0,0,0,0,0,0,,,,
157,C 지구,C5-14,상용장비동,1F,상용 실차 부식챔버,,,,,00072686-175,,,,,,,2,,,,,,,,,,,,,,0,0,0,0,0,1,0,0,0,0,0,0,0,,,,
158,C 지구,C4-4,환경시험2동,1F,고온풍동 #2,,,,,00072686-119,,,,,,,1,,,,,,,,,,,,,,0,0,0,0,0,1,0,0,0,0,0,0,0,,,,
